<?xml version="1.0"?>
<x:catalog xmlns:x="urn:books" xsi:schemaLocation='urn:books Books3.xsd' 
    xmlns:xsi='http://www.w3.org/2001/XMLSchema-instance'>      
   <book>   
      <author>Adams</author>
      <State>NC</State>
      <title>XML Developer's Guide</title>                          
      <genre>Computer</genre>
      <price>44.95</price>
      <publish_date>2000-10-01</publish_date>
      <description>An in-depth look at creating applications with XML.</description>      
   </book>
</x:catalog>
